Age,Annual_Income,Spending_Score,Savings,Purchase_Frequency
56,23343,81,48917,2
69,33500,5,19922,29
46,73222,29,13175,3
32,49375,4,42124,17
60,29662,10,22389,25
25,36964,56,48838,24
38,133429,17,1822,12
56,141692,74,18327,18
36,79638,17,48057,15
40,93666,84,7150,12
28,105067,88,5425,16
28,138937,69,17032,27
41,87215,34,3198,8
53,89042,6,21079,28
57,33284,53,37220,14
41,92789,66,42874,25
20,104664,77,14859,17
39,113468,43,32419,29
19,81389,75,9705,21
41,29435,23,43880,8
61,74340,55,24236,15
47,64078,80,23419,27
55,98832,95,20978,14
19,71293,75,38609,18
38,115981,16,16358,20
50,98781,8,35177,7
29,80403,4,30378,3
39,49124,4,38334,29
61,115435,56,12382,12
42,63919,25,15596,21
66,128761,67,34572,24
44,141305,96,14221,28
59,55247,67,2279,26
45,141172,27,46960,3
33,114758,93,8083,20
32,111747,32,44861,14
64,82752,50,18771,15
68,76573,61,30975,25
61,79101,51,46648,14
69,122756,19,49285,7
20,46646,21,20063,17
54,124185,5,3106,12
68,43049,82,25557,20
24,99605,92,49854,4
38,118116,42,21607,9
26,117379,61,38599,6
56,88385,22,29529,16
35,146131,21,36954,25
21,60158,70,28856,28
42,85417,1,3573,22
31,43289,5,13808,22
67,130226,12,36367,21
26,120793,90,37801,21
43,29823,46,42196,2
19,80160,34,35072,24
37,61975,49,24752,8
45,29540,78,18685,11
64,36364,90,42401,13
24,24611,45,12372,17
61,47663,27,9996,8
25,71991,73,17458,21
64,77679,26,32889,18
52,124182,47,27665,18
31,50977,86,39243,14
34,114704,56,32653,15
53,69115,94,27657,6
67,111007,63,40952,11
57,108223,48,23180,13
21,80890,61,32896,25
19,86387,81,13875,1
23,38071,26,2622,28
59,79275,36,49756,6
21,92369,1,41809,9
46,31938,8,17725,8
35,55195,99,41760,11
43,111680,52,16646,22
61,24000,79,18029,19
51,90588,47,30402,24
27,121042,56,5263,9
53,113610,86,31987,17
31,140420,14,47828,12
48,123691,90,48924,25
65,126306,28,9646,14
32,117856,87,28529,15
25,58304,78,12664,16
31,131783,88,36737,22
40,89449,2,36796,22
57,102986,26,25027,28
38,109643,14,30373,20
33,40764,59,37397,1
62,128940,56,21609,10
35,106027,7,36835,8
64,58494,3,39709,18
41,23373,23,20250,28
43,32161,18,22172,1
42,117532,38,12555,2
62,112658,99,22874,1
58,143633,15,14081,1
46,120386,64,25063,9
32,47350,89,7819,13
62,113008,28,26712,1
18,114297,74,25762,13
42,45351,39,12046,20
24,108668,57,32463,26
26,134585,17,29769,22
41,35305,86,24150,7
18,95353,90,3711,2
61,96797,44,5853,6
25,85953,25,30077,7
41,77458,17,24863,26
28,127112,13,22792,14
68,40358,84,41483,26
34,23267,25,9942,18
25,102745,68,49275,15
52,109588,10,49594,2
52,58513,67,2762,10
50,46092,18,32987,23
22,31338,86,16850,12
59,20412,34,13112,17
56,27543,8,25058,8
58,125891,40,46420,11
45,53496,83,39890,29
24,80692,42,1481,3
26,109084,41,48304,27
25,112920,6,33921,6
29,143555,52,41385,9
51,64425,26,2524,6
50,58756,64,35888,9
65,38888,98,16048,7
40,55735,59,36111,9
41,67295,56,38904,18
54,137474,59,35008,12
52,134352,70,1060,8
61,103042,33,10130,8
57,105999,53,19023,18
39,37955,22,46080,28
44,57841,21,14350,20
52,90640,70,25354,15
18,85510,70,46186,27
52,54911,4,29145,7
54,79031,94,35020,11
64,108726,75,21587,20
31,27357,62,42131,16
20,52479,62,10650,4
18,81476,94,20933,6
22,64811,95,21581,26
43,56208,24,24393,22
31,40150,55,24051,26
56,91180,9,27212,3
44,63286,3,5090,9
26,132856,31,7960,28
32,88450,40,36772,10
32,41352,36,22520,14
43,75069,24,37408,11
59,131888,95,29470,18
30,130448,6,21491,22
68,34397,66,2341,12
49,61555,84,45623,23
56,66959,92,25791,12
66,20728,75,1338,13
69,70517,4,6895,25
49,139180,79,13254,13
21,86234,6,12344,19
47,59954,94,2750,26
54,67280,51,3421,19
40,99459,62,40887,23
56,36779,57,6319,14
62,83932,66,16896,4
32,92936,79,12918,13
60,44466,75,26064,8
46,56939,8,47617,29
53,89896,26,28935,23
30,55270,51,38641,21
49,79163,45,30711,23
24,102637,44,5806,19
68,71934,5,42360,12
39,84895,70,13182,18
45,52307,26,23297,6
19,74098,68,20541,18
59,80921,19,29921,19
62,25486,84,17774,22
23,28335,97,45813,5
45,106900,20,38198,24
45,146020,12,9820,9
61,141954,47,25070,27
61,122795,1,5232,3
37,109112,90,12122,28
47,117203,14,16023,10
28,31130,64,9007,19
45,107508,38,18905,3
42,125955,37,42786,29
56,138324,11,30398,29
50,80566,77,35268,22
18,86703,3,7737,15
44,47192,33,37062,1
69,21062,6,26510,7
30,104076,50,20426,12
58,109780,10,38265,17
20,41545,5,18850,21
56,41689,23,1614,26
23,31174,10,22776,29
25,108461,44,25077,24
44,146174,2,10374,20
26,123033,13,36435,5
54,29348,40,31907,4
50,43714,2,14409,28
68,58102,84,17514,12
59,94460,65,30866,20
61,122634,63,3983,28
41,109930,73,32705,24
32,26801,17,21662,18
49,123150,9,24510,17
49,92267,75,13651,19
41,68136,15,41998,9
58,43625,24,29535,4
69,102873,38,7640,26
66,120843,35,45547,21
66,92592,94,16317,2
69,97052,95,8564,4
29,64261,49,28345,2
56,21542,69,49288,15
19,41677,62,29687,2
20,66732,60,14737,4
66,70343,50,10323,6
54,59081,78,16229,7
66,82856,75,45481,10
34,113105,9,9502,19
66,108858,34,1545,19
19,39065,76,38114,26
19,144097,99,30430,22
45,103460,35,10996,29
40,108092,1,28788,12
54,146116,40,30969,3
49,74693,64,49543,13
50,46962,22,14919,18
18,48295,60,4810,8
36,33807,64,31586,21
19,62348,93,40974,15
61,46432,72,42773,1
43,103285,11,17371,3
49,126995,14,46084,26
23,111792,60,30629,8
49,77854,30,9436,4
21,60262,35,13984,16
28,57080,85,34039,23
34,21324,37,20895,10
55,111267,5,19155,12
41,144707,83,11616,14
22,55909,78,38129,14
69,109339,26,40837,2
51,39870,62,25574,23
23,54578,4,4430,5
39,92124,89,13676,5
28,137611,42,11816,6
65,123605,89,33733,13
33,46790,18,21144,9
50,138874,40,3050,22
26,45289,72,45460,28
23,75129,39,34933,29
33,113714,14,25951,15
46,114246,32,33413,14
20,35485,51,35801,24
37,64482,38,33913,7
53,106188,97,48037,25
36,24748,23,41600,20
43,106769,63,26280,2
20,29435,15,25557,7
36,23709,97,48054,6
37,143961,25,36400,17
49,50355,17,5494,27
24,75771,97,16152,25
69,77799,66,24895,25
58,33116,78,10155,28
50,45470,53,32883,2
57,62344,51,44194,3
56,62918,39,44001,5
35,72224,51,2828,5
57,59298,70,46028,1
18,128492,6,42898,8
28,100219,67,33123,12
45,81629,7,38573,24
42,86040,51,1806,4
67,119518,72,41970,13
40,119835,42,30757,23
48,48016,64,35636,15
47,43960,15,15561,11
59,53591,29,49280,10
52,102848,33,25262,3
24,123333,94,15899,22
33,131732,27,49988,14
43,134821,36,16934,16
65,87641,29,39197,10
69,56395,38,42844,29
66,131276,57,37332,10
19,149695,97,35157,12
18,42700,27,12593,9
65,54620,55,41042,1
29,123214,33,18320,5
22,148148,68,28376,20
54,40559,86,44513,8
49,113045,66,15199,11
26,113396,10,16876,12
58,81642,5,9245,1
52,96539,74,8214,25
36,41732,97,1726,22
65,148675,38,47600,20
33,111362,13,12362,28
20,50354,31,19297,25
37,33843,47,31448,11
41,130008,88,27172,5
50,134065,52,43874,15
41,91726,56,8657,5
69,37640,15,19850,12
28,72528,29,26425,5
66,58413,8,27685,17
25,148142,5,48319,17
53,72638,29,25578,24
55,72736,47,29831,12
57,127892,68,8906,24
37,130133,76,8287,28
52,126357,45,34660,15
65,88866,2,11222,15
42,39087,27,38443,6
52,61430,95,35701,12
42,44504,36,18764,27
46,27114,36,45641,29
35,98859,26,18674,20
63,119657,43,19024,18
35,30975,27,47007,14
19,31023,69,24874,2
52,41447,20,44642,9
33,110469,11,33284,5
58,145899,74,18602,20
53,43959,38,38784,26
50,86203,6,24265,29
21,139156,72,26931,1
50,49703,23,29841,23
31,29337,47,30192,3
38,66427,90,47542,6
65,141507,46,43520,5
37,81529,12,16585,21
25,122023,90,26559,27
24,104665,13,41059,5
20,125787,62,34742,1
34,51921,82,5133,17
50,53307,89,15663,19
65,47355,97,22754,14
29,123268,60,4972,12
68,147016,43,6295,10
39,24835,76,47681,20
39,40159,68,42873,21
63,124346,5,30125,18
47,67605,37,41996,24
55,141790,72,10903,27
55,125616,92,4020,11
62,58088,31,42755,2
68,98752,9,21420,25
25,75284,51,22452,18
44,77043,29,46648,29
44,145388,78,39001,25
51,55547,40,10516,7
38,117007,41,48327,24
47,102844,86,3396,15
50,47532,11,19546,11
45,54349,23,20129,18
64,142402,1,2591,23
50,138012,46,12303,12
22,65445,21,31561,6
65,25713,90,7183,20
36,76178,36,27572,23
21,69407,54,35080,13
52,90340,87,21695,20
66,70990,57,8314,16
34,95672,1,20623,18
61,149473,63,3139,10
45,85545,54,48456,28
47,104791,55,32290,23
46,78141,40,19088,8
63,43793,15,40692,18
23,76570,21,34130,21
52,115084,47,33088,1
58,57892,73,27292,23
54,21015,53,47249,8
41,144704,9,21670,29
46,81813,74,4738,6
66,47712,52,3469,5
63,120497,57,23534,15
48,28415,26,49874,22
52,131854,41,10017,15
50,132816,35,3808,2
69,148778,63,48638,1
38,82292,25,13713,23
49,43833,90,41329,23
40,24158,75,3719,26
50,82680,38,23890,11
20,40309,2,12700,10
35,26970,7,37509,18
42,92474,82,43534,18
59,106704,91,37766,17
48,66540,34,27705,26
20,40384,91,19787,8
57,38017,17,49845,15
63,95880,43,27588,8
41,125570,59,27123,17
67,28702,51,34062,12
49,20384,54,11177,27
64,20404,24,22727,8
39,60943,25,31220,25
40,67926,71,10882,14
19,49189,52,2136,4
44,32763,70,35832,1
59,38384,88,32966,1
19,80100,33,8009,19
43,118142,49,13987,16
34,29860,29,38311,14
57,124293,63,32575,21
50,100642,22,2007,16
26,70612,26,6445,5
60,43574,28,11706,9
65,43524,85,48517,26
56,89172,49,45486,28
46,30916,71,30257,2
59,24809,81,22736,18
43,52201,84,43207,6
52,73330,49,14281,9
67,33456,20,2435,1
42,133748,86,34339,9
41,76397,92,36150,25
30,141288,63,26821,16
24,58765,61,27660,13
53,54816,49,6084,9
62,65106,71,17661,21
37,73932,1,14507,13
18,37100,96,8059,9
25,77091,13,19271,11
63,41949,94,46539,4
33,90080,87,8491,2
31,57744,51,48295,29
29,65543,56,15859,6
68,128319,83,9073,14
40,112193,62,10077,4
32,56187,32,21953,6
45,132734,30,12383,19
51,27239,29,3353,6
19,144454,49,24821,2
49,34489,45,38567,18
40,134937,93,25860,13
39,78017,30,22195,9
68,81877,16,12939,23
42,63125,40,26338,19
39,69922,19,22730,13
39,114074,18,22427,11
66,52049,1,36196,1
69,57131,78,28083,24
59,62944,47,22510,22
23,135765,66,45064,7
32,93963,92,8813,25
60,126884,94,32598,21
54,145917,38,48182,15
50,44285,51,28570,1
25,57626,63,28082,12
61,62808,4,30241,26
61,108464,1,31678,7
22,73871,8,45569,15
56,39198,29,12745,21
21,39758,55,27029,19
23,35254,3,14025,28
62,64238,32,37124,29
49,21252,10,15288,25
69,59764,74,24650,1
47,97709,83,7540,17
64,57441,34,33232,17
52,112234,97,17422,3
57,73682,87,4342,12
69,79494,55,42846,6
33,101317,92,36612,26
30,85215,32,11396,11
67,98587,50,18482,3
59,125185,7,24411,8
47,26949,93,47766,14
36,127825,8,14261,14
34,75393,65,4093,10
36,93553,57,12722,2
45,26941,67,23042,14
43,45934,88,45413,9
54,43386,87,48851,3
43,145362,59,29087,21
40,81886,72,33347,26
26,95745,54,34756,8
29,103251,67,40214,16
18,114456,51,17335,2
18,73413,97,29602,6
64,76800,92,49901,28
51,117239,8,35450,21
49,62318,34,33196,29
65,139803,35,6626,26
42,90173,96,8424,25
57,90390,88,13857,12
62,72329,78,45923,5
18,142418,32,20982,2
